"","NAME","AREA","PERIMETER","acres","Deed_Acres","Type","ShapeSourc","coords.x1","coords.x2"
"1","Abita Creek Flatwoods",41077745.622,51960.515307,998.352,"999","Preserve","Survey Plats, Updated 1/5/2018 according to B,Rivers Google Earth boundary drawings",-89.9783632046449,30.5064007642171
"2","Abita Creek Flatwoods",41077745.622,51960.515307,998.352,"999","Preserve","Survey Plats, Updated 1/5/2018 according to B,Rivers Google Earth boundary drawings",-89.9765877677028,30.5064007642171
"3","Abita Creek Flatwoods",41077745.622,51960.515307,998.352,"999","Preserve","Survey Plats, Updated 1/5/2018 according to B,Rivers Google Earth boundary drawings",-89.9748123307608,30.5064007642171
"4","Abita Creek Flatwoods",41077745.622,51960.515307,998.352,"999","Preserve","Survey Plats, Updated 1/5/2018 according to B,Rivers Google Earth boundary drawings",-89.9730368938187,30.5064007642171
"5","Abita Creek Flatwoods",41077745.622,51960.515307,998.352,"999","Preserve","Survey Plats, Updated 1/5/2018 according to B,Rivers Google Earth boundary drawings",-89.9712614568767,30.5064007642171
"6","Abita Creek Flatwoods",41077745.622,51960.515307,998.352,"999","Preserve","Survey Plats, Updated 1/5/2018 according to B,Rivers Google Earth boundary drawings",-89.9694860199346,30.5064007642171
"7","Abita Creek Flatwoods",41077745.622,51960.515307,998.352,"999","Preserve","Survey Plats, Updated 1/5/2018 according to B,Rivers Google Earth boundary drawings",-89.9677105829926,30.5064007642171
"8","Abita Creek Flatwoods",41077745.622,51960.515307,998.352,"999","Preserve","Survey Plats, Updated 1/5/2018 according to B,Rivers Google Earth boundary drawings",-89.9659351460506,30.5064007642171
"9","Abita Creek Flatwoods",41077745.622,51960.515307,998.352,"999","Preserve","Survey Plats, Updated 1/5/2018 according to B,Rivers Google Earth boundary drawings",-89.9641597091085,30.5064007642171
"10","Abita Creek Flatwoods",41077745.622,51960.515307,998.352,"999","Preserve","Survey Plats, Updated 1/5/2018 according to B,Rivers Google Earth boundary drawings",-89.9623842721665,30.5064007642171
"11","Abita Creek Flatwoods",41077745.622,51960.515307,998.352,"999","Preserve","Survey Plats, Updated 1/5/2018 according to B,Rivers Google Earth boundary drawings",-89.9606088352244,30.5064007642171
"12","Abita Creek Flatwoods",41077745.622,51960.515307,998.352,"999","Preserve","Survey Plats, Updated 1/5/2018 according to B,Rivers Google Earth boundary drawings",-89.9765877677028,30.5077941109239
"13","Abita Creek Flatwoods",41077745.622,51960.515307,998.352,"999","Preserve","Survey Plats, Updated 1/5/2018 according to B,Rivers Google Earth boundary drawings",-89.9748123307608,30.5077941109239
"14","Abita Creek Flatwoods",41077745.622,51960.515307,998.352,"999","Preserve","Survey Plats, Updated 1/5/2018 according to B,Rivers Google Earth boundary drawings",-89.9730368938187,30.5077941109239
"15","Abita Creek Flatwoods",41077745.622,51960.515307,998.352,"999","Preserve","Survey Plats, Updated 1/5/2018 according to B,Rivers Google Earth boundary drawings",-89.9712614568767,30.5077941109239
"16","Abita Creek Flatwoods",41077745.622,51960.515307,998.352,"999","Preserve","Survey Plats, Updated 1/5/2018 according to B,Rivers Google Earth boundary drawings",-89.9694860199346,30.5077941109239
"17","Abita Creek Flatwoods",41077745.622,51960.515307,998.352,"999","Preserve","Survey Plats, Updated 1/5/2018 according to B,Rivers Google Earth boundary drawings",-89.9677105829926,30.5077941109239
"18","Abita Creek Flatwoods",41077745.622,51960.515307,998.352,"999","Preserve","Survey Plats, Updated 1/5/2018 according to B,Rivers Google Earth boundary drawings",-89.9659351460506,30.5077941109239
"19","Abita Creek Flatwoods",41077745.622,51960.515307,998.352,"999","Preserve","Survey Plats, Updated 1/5/2018 according to B,Rivers Google Earth boundary drawings",-89.9641597091085,30.5077941109239
"20","Abita Creek Flatwoods",41077745.622,51960.515307,998.352,"999","Preserve","Survey Plats, Updated 1/5/2018 according to B,Rivers Google Earth boundary drawings",-89.9623842721665,30.5077941109239
"21","Abita Creek Flatwoods",41077745.622,51960.515307,998.352,"999","Preserve","Survey Plats, Updated 1/5/2018 according to B,Rivers Google Earth boundary drawings",-89.9606088352244,30.5077941109239
"22","Abita Creek Flatwoods",41077745.622,51960.515307,998.352,"999","Preserve","Survey Plats, Updated 1/5/2018 according to B,Rivers Google Earth boundary drawings",-89.9765877677028,30.5091874576307
"23","Abita Creek Flatwoods",41077745.622,51960.515307,998.352,"999","Preserve","Survey Plats, Updated 1/5/2018 according to B,Rivers Google Earth boundary drawings",-89.9748123307608,30.5091874576307
"24","Abita Creek Flatwoods",41077745.622,51960.515307,998.352,"999","Preserve","Survey Plats, Updated 1/5/2018 according to B,Rivers Google Earth boundary drawings",-89.9730368938187,30.5091874576307
"25","Abita Creek Flatwoods",41077745.622,51960.515307,998.352,"999","Preserve","Survey Plats, Updated 1/5/2018 according to B,Rivers Google Earth boundary drawings",-89.9712614568767,30.5091874576307
"26","Abita Creek Flatwoods",41077745.622,51960.515307,998.352,"999","Preserve","Survey Plats, Updated 1/5/2018 according to B,Rivers Google Earth boundary drawings",-89.9694860199346,30.5091874576307
"27","Abita Creek Flatwoods",41077745.622,51960.515307,998.352,"999","Preserve","Survey Plats, Updated 1/5/2018 according to B,Rivers Google Earth boundary drawings",-89.9677105829926,30.5091874576307
"28","Abita Creek Flatwoods",41077745.622,51960.515307,998.352,"999","Preserve","Survey Plats, Updated 1/5/2018 according to B,Rivers Google Earth boundary drawings",-89.9659351460506,30.5091874576307
"29","Abita Creek Flatwoods",41077745.622,51960.515307,998.352,"999","Preserve","Survey Plats, Updated 1/5/2018 according to B,Rivers Google Earth boundary drawings",-89.9641597091085,30.5091874576307
"30","Abita Creek Flatwoods",41077745.622,51960.515307,998.352,"999","Preserve","Survey Plats, Updated 1/5/2018 according to B,Rivers Google Earth boundary drawings",-89.9623842721665,30.5091874576307
"31","Abita Creek Flatwoods",41077745.622,51960.515307,998.352,"999","Preserve","Survey Plats, Updated 1/5/2018 according to B,Rivers Google Earth boundary drawings",-89.9606088352244,30.5091874576307
"32","Abita Creek Flatwoods",41077745.622,51960.515307,998.352,"999","Preserve","Survey Plats, Updated 1/5/2018 according to B,Rivers Google Earth boundary drawings",-89.9588333982824,30.5091874576307
"33","Abita Creek Flatwoods",41077745.622,51960.515307,998.352,"999","Preserve","Survey Plats, Updated 1/5/2018 according to B,Rivers Google Earth boundary drawings",-89.9748123307608,30.5105808043375
"34","Abita Creek Flatwoods",41077745.622,51960.515307,998.352,"999","Preserve","Survey Plats, Updated 1/5/2018 according to B,Rivers Google Earth boundary drawings",-89.9730368938187,30.5105808043375
"35","Abita Creek Flatwoods",41077745.622,51960.515307,998.352,"999","Preserve","Survey Plats, Updated 1/5/2018 according to B,Rivers Google Earth boundary drawings",-89.9712614568767,30.5105808043375
"36","Abita Creek Flatwoods",41077745.622,51960.515307,998.352,"999","Preserve","Survey Plats, Updated 1/5/2018 according to B,Rivers Google Earth boundary drawings",-89.9694860199346,30.5105808043375
"37","Abita Creek Flatwoods",41077745.622,51960.515307,998.352,"999","Preserve","Survey Plats, Updated 1/5/2018 according to B,Rivers Google Earth boundary drawings",-89.9677105829926,30.5105808043375
"38","Abita Creek Flatwoods",41077745.622,51960.515307,998.352,"999","Preserve","Survey Plats, Updated 1/5/2018 according to B,Rivers Google Earth boundary drawings",-89.9659351460506,30.5105808043375
"39","Abita Creek Flatwoods",41077745.622,51960.515307,998.352,"999","Preserve","Survey Plats, Updated 1/5/2018 according to B,Rivers Google Earth boundary drawings",-89.9641597091085,30.5105808043375
"40","Abita Creek Flatwoods",41077745.622,51960.515307,998.352,"999","Preserve","Survey Plats, Updated 1/5/2018 according to B,Rivers Google Earth boundary drawings",-89.9623842721665,30.5105808043375
"41","Abita Creek Flatwoods",41077745.622,51960.515307,998.352,"999","Preserve","Survey Plats, Updated 1/5/2018 according to B,Rivers Google Earth boundary drawings",-89.9606088352244,30.5105808043375
"42","Abita Creek Flatwoods",41077745.622,51960.515307,998.352,"999","Preserve","Survey Plats, Updated 1/5/2018 according to B,Rivers Google Earth boundary drawings",-89.9588333982824,30.5105808043375
"43","Abita Creek Flatwoods",41077745.622,51960.515307,998.352,"999","Preserve","Survey Plats, Updated 1/5/2018 according to B,Rivers Google Earth boundary drawings",-89.9730368938187,30.5119741510444
"44","Abita Creek Flatwoods",41077745.622,51960.515307,998.352,"999","Preserve","Survey Plats, Updated 1/5/2018 according to B,Rivers Google Earth boundary drawings",-89.9712614568767,30.5119741510444
"45","Abita Creek Flatwoods",41077745.622,51960.515307,998.352,"999","Preserve","Survey Plats, Updated 1/5/2018 according to B,Rivers Google Earth boundary drawings",-89.9694860199346,30.5119741510444
"46","Abita Creek Flatwoods",41077745.622,51960.515307,998.352,"999","Preserve","Survey Plats, Updated 1/5/2018 according to B,Rivers Google Earth boundary drawings",-89.9677105829926,30.5119741510444
"47","Abita Creek Flatwoods",41077745.622,51960.515307,998.352,"999","Preserve","Survey Plats, Updated 1/5/2018 according to B,Rivers Google Earth boundary drawings",-89.9659351460506,30.5119741510444
"48","Abita Creek Flatwoods",41077745.622,51960.515307,998.352,"999","Preserve","Survey Plats, Updated 1/5/2018 according to B,Rivers Google Earth boundary drawings",-89.9641597091085,30.5119741510444
"49","Abita Creek Flatwoods",41077745.622,51960.515307,998.352,"999","Preserve","Survey Plats, Updated 1/5/2018 according to B,Rivers Google Earth boundary drawings",-89.9623842721665,30.5119741510444
"50","Abita Creek Flatwoods",41077745.622,51960.515307,998.352,"999","Preserve","Survey Plats, Updated 1/5/2018 according to B,Rivers Google Earth boundary drawings",-89.9606088352244,30.5119741510444
"51","Abita Creek Flatwoods",41077745.622,51960.515307,998.352,"999","Preserve","Survey Plats, Updated 1/5/2018 according to B,Rivers Google Earth boundary drawings",-89.9588333982824,30.5119741510444
"52","Abita Creek Flatwoods",41077745.622,51960.515307,998.352,"999","Preserve","Survey Plats, Updated 1/5/2018 according to B,Rivers Google Earth boundary drawings",-89.9730368938187,30.5133674977512
"53","Abita Creek Flatwoods",41077745.622,51960.515307,998.352,"999","Preserve","Survey Plats, Updated 1/5/2018 according to B,Rivers Google Earth boundary drawings",-89.9712614568767,30.5133674977512
"54","Abita Creek Flatwoods",41077745.622,51960.515307,998.352,"999","Preserve","Survey Plats, Updated 1/5/2018 according to B,Rivers Google Earth boundary drawings",-89.9694860199346,30.5133674977512
"55","Abita Creek Flatwoods",41077745.622,51960.515307,998.352,"999","Preserve","Survey Plats, Updated 1/5/2018 according to B,Rivers Google Earth boundary drawings",-89.9677105829926,30.5133674977512
"56","Abita Creek Flatwoods",41077745.622,51960.515307,998.352,"999","Preserve","Survey Plats, Updated 1/5/2018 according to B,Rivers Google Earth boundary drawings",-89.9659351460506,30.5133674977512
"57","Abita Creek Flatwoods",41077745.622,51960.515307,998.352,"999","Preserve","Survey Plats, Updated 1/5/2018 according to B,Rivers Google Earth boundary drawings",-89.9641597091085,30.5133674977512
"58","Abita Creek Flatwoods",41077745.622,51960.515307,998.352,"999","Preserve","Survey Plats, Updated 1/5/2018 according to B,Rivers Google Earth boundary drawings",-89.9623842721665,30.5133674977512
"59","Abita Creek Flatwoods",41077745.622,51960.515307,998.352,"999","Preserve","Survey Plats, Updated 1/5/2018 according to B,Rivers Google Earth boundary drawings",-89.9730368938187,30.514760844458
"60","Abita Creek Flatwoods",41077745.622,51960.515307,998.352,"999","Preserve","Survey Plats, Updated 1/5/2018 according to B,Rivers Google Earth boundary drawings",-89.9712614568767,30.514760844458
"61","Abita Creek Flatwoods",41077745.622,51960.515307,998.352,"999","Preserve","Survey Plats, Updated 1/5/2018 according to B,Rivers Google Earth boundary drawings",-89.9694860199346,30.514760844458
"62","Abita Creek Flatwoods",41077745.622,51960.515307,998.352,"999","Preserve","Survey Plats, Updated 1/5/2018 according to B,Rivers Google Earth boundary drawings",-89.9677105829926,30.514760844458
"63","Abita Creek Flatwoods",41077745.622,51960.515307,998.352,"999","Preserve","Survey Plats, Updated 1/5/2018 according to B,Rivers Google Earth boundary drawings",-89.9659351460506,30.514760844458
"64","Abita Creek Flatwoods",41077745.622,51960.515307,998.352,"999","Preserve","Survey Plats, Updated 1/5/2018 according to B,Rivers Google Earth boundary drawings",-89.9641597091085,30.514760844458
"65","Abita Creek Flatwoods",41077745.622,51960.515307,998.352,"999","Preserve","Survey Plats, Updated 1/5/2018 according to B,Rivers Google Earth boundary drawings",-89.9623842721665,30.514760844458
"66","Abita Creek Flatwoods",41077745.622,51960.515307,998.352,"999","Preserve","Survey Plats, Updated 1/5/2018 according to B,Rivers Google Earth boundary drawings",-89.9730368938187,30.5161541911648
"67","Abita Creek Flatwoods",41077745.622,51960.515307,998.352,"999","Preserve","Survey Plats, Updated 1/5/2018 according to B,Rivers Google Earth boundary drawings",-89.9712614568767,30.5161541911648
"68","Abita Creek Flatwoods",41077745.622,51960.515307,998.352,"999","Preserve","Survey Plats, Updated 1/5/2018 according to B,Rivers Google Earth boundary drawings",-89.9694860199346,30.5161541911648
"69","Abita Creek Flatwoods",41077745.622,51960.515307,998.352,"999","Preserve","Survey Plats, Updated 1/5/2018 according to B,Rivers Google Earth boundary drawings",-89.9677105829926,30.5161541911648
"70","Abita Creek Flatwoods",41077745.622,51960.515307,998.352,"999","Preserve","Survey Plats, Updated 1/5/2018 according to B,Rivers Google Earth boundary drawings",-89.9659351460506,30.5161541911648
"71","Abita Creek Flatwoods",41077745.622,51960.515307,998.352,"999","Preserve","Survey Plats, Updated 1/5/2018 according to B,Rivers Google Earth boundary drawings",-89.9641597091085,30.5161541911648
"72","Abita Creek Flatwoods",41077745.622,51960.515307,998.352,"999","Preserve","Survey Plats, Updated 1/5/2018 according to B,Rivers Google Earth boundary drawings",-89.9623842721665,30.5161541911648
"73","Abita Creek Flatwoods",41077745.622,51960.515307,998.352,"999","Preserve","Survey Plats, Updated 1/5/2018 according to B,Rivers Google Earth boundary drawings",-89.9606088352244,30.5161541911648
"74","Abita Creek Flatwoods",41077745.622,51960.515307,998.352,"999","Preserve","Survey Plats, Updated 1/5/2018 according to B,Rivers Google Earth boundary drawings",-89.9730368938187,30.5175475378717
"75","Abita Creek Flatwoods",41077745.622,51960.515307,998.352,"999","Preserve","Survey Plats, Updated 1/5/2018 according to B,Rivers Google Earth boundary drawings",-89.9712614568767,30.5175475378717
"76","Abita Creek Flatwoods",41077745.622,51960.515307,998.352,"999","Preserve","Survey Plats, Updated 1/5/2018 according to B,Rivers Google Earth boundary drawings",-89.9694860199346,30.5175475378717
"77","Abita Creek Flatwoods",41077745.622,51960.515307,998.352,"999","Preserve","Survey Plats, Updated 1/5/2018 according to B,Rivers Google Earth boundary drawings",-89.9677105829926,30.5175475378717
"78","Abita Creek Flatwoods",41077745.622,51960.515307,998.352,"999","Preserve","Survey Plats, Updated 1/5/2018 according to B,Rivers Google Earth boundary drawings",-89.9659351460506,30.5175475378717
"79","Abita Creek Flatwoods",41077745.622,51960.515307,998.352,"999","Preserve","Survey Plats, Updated 1/5/2018 according to B,Rivers Google Earth boundary drawings",-89.9641597091085,30.5175475378717
"80","Abita Creek Flatwoods",41077745.622,51960.515307,998.352,"999","Preserve","Survey Plats, Updated 1/5/2018 according to B,Rivers Google Earth boundary drawings",-89.9623842721665,30.5175475378717
"81","Abita Creek Flatwoods",41077745.622,51960.515307,998.352,"999","Preserve","Survey Plats, Updated 1/5/2018 according to B,Rivers Google Earth boundary drawings",-89.9606088352244,30.5175475378717
"82","Abita Creek Flatwoods",41077745.622,51960.515307,998.352,"999","Preserve","Survey Plats, Updated 1/5/2018 according to B,Rivers Google Earth boundary drawings",-89.9730368938187,30.5189408845785
"83","Abita Creek Flatwoods",41077745.622,51960.515307,998.352,"999","Preserve","Survey Plats, Updated 1/5/2018 according to B,Rivers Google Earth boundary drawings",-89.9712614568767,30.5189408845785
"84","Abita Creek Flatwoods",41077745.622,51960.515307,998.352,"999","Preserve","Survey Plats, Updated 1/5/2018 according to B,Rivers Google Earth boundary drawings",-89.9694860199346,30.5189408845785
"85","Abita Creek Flatwoods",41077745.622,51960.515307,998.352,"999","Preserve","Survey Plats, Updated 1/5/2018 according to B,Rivers Google Earth boundary drawings",-89.9677105829926,30.5189408845785
"86","Abita Creek Flatwoods",41077745.622,51960.515307,998.352,"999","Preserve","Survey Plats, Updated 1/5/2018 according to B,Rivers Google Earth boundary drawings",-89.9659351460506,30.5189408845785
"87","Abita Creek Flatwoods",41077745.622,51960.515307,998.352,"999","Preserve","Survey Plats, Updated 1/5/2018 according to B,Rivers Google Earth boundary drawings",-89.9641597091085,30.5189408845785
"88","Abita Creek Flatwoods",41077745.622,51960.515307,998.352,"999","Preserve","Survey Plats, Updated 1/5/2018 according to B,Rivers Google Earth boundary drawings",-89.9623842721665,30.5189408845785
"89","Abita Creek Flatwoods",41077745.622,51960.515307,998.352,"999","Preserve","Survey Plats, Updated 1/5/2018 according to B,Rivers Google Earth boundary drawings",-89.9606088352244,30.5189408845785
"90","Abita Creek Flatwoods",41077745.622,51960.515307,998.352,"999","Preserve","Survey Plats, Updated 1/5/2018 according to B,Rivers Google Earth boundary drawings",-89.9588333982824,30.5189408845785
"91","Abita Creek Flatwoods",41077745.622,51960.515307,998.352,"999","Preserve","Survey Plats, Updated 1/5/2018 according to B,Rivers Google Earth boundary drawings",-89.9570579613403,30.5189408845785
"92","Abita Creek Flatwoods",41077745.622,51960.515307,998.352,"999","Preserve","Survey Plats, Updated 1/5/2018 according to B,Rivers Google Earth boundary drawings",-89.9712614568767,30.5203342312853
"93","Abita Creek Flatwoods",41077745.622,51960.515307,998.352,"999","Preserve","Survey Plats, Updated 1/5/2018 according to B,Rivers Google Earth boundary drawings",-89.9694860199346,30.5203342312853
"94","Abita Creek Flatwoods",41077745.622,51960.515307,998.352,"999","Preserve","Survey Plats, Updated 1/5/2018 according to B,Rivers Google Earth boundary drawings",-89.9677105829926,30.5203342312853
"95","Abita Creek Flatwoods",41077745.622,51960.515307,998.352,"999","Preserve","Survey Plats, Updated 1/5/2018 according to B,Rivers Google Earth boundary drawings",-89.9659351460506,30.5203342312853
"96","Abita Creek Flatwoods",41077745.622,51960.515307,998.352,"999","Preserve","Survey Plats, Updated 1/5/2018 according to B,Rivers Google Earth boundary drawings",-89.9641597091085,30.5203342312853
"97","Abita Creek Flatwoods",41077745.622,51960.515307,998.352,"999","Preserve","Survey Plats, Updated 1/5/2018 according to B,Rivers Google Earth boundary drawings",-89.9623842721665,30.5203342312853
"98","Abita Creek Flatwoods",41077745.622,51960.515307,998.352,"999","Preserve","Survey Plats, Updated 1/5/2018 according to B,Rivers Google Earth boundary drawings",-89.9606088352244,30.5203342312853
"99","Abita Creek Flatwoods",41077745.622,51960.515307,998.352,"999","Preserve","Survey Plats, Updated 1/5/2018 according to B,Rivers Google Earth boundary drawings",-89.9712614568767,30.5217275779921
"100","Abita Creek Flatwoods",41077745.622,51960.515307,998.352,"999","Preserve","Survey Plats, Updated 1/5/2018 according to B,Rivers Google Earth boundary drawings",-89.9694860199346,30.5217275779921
"101","Abita Creek Flatwoods",41077745.622,51960.515307,998.352,"999","Preserve","Survey Plats, Updated 1/5/2018 according to B,Rivers Google Earth boundary drawings",-89.9677105829926,30.5217275779921
"102","Abita Creek Flatwoods",41077745.622,51960.515307,998.352,"999","Preserve","Survey Plats, Updated 1/5/2018 according to B,Rivers Google Earth boundary drawings",-89.9659351460506,30.5217275779921
"103","Abita Creek Flatwoods",41077745.622,51960.515307,998.352,"999","Preserve","Survey Plats, Updated 1/5/2018 according to B,Rivers Google Earth boundary drawings",-89.9641597091085,30.5217275779921
"104","Abita Creek Flatwoods",41077745.622,51960.515307,998.352,"999","Preserve","Survey Plats, Updated 1/5/2018 according to B,Rivers Google Earth boundary drawings",-89.9623842721665,30.5217275779921
"105","Abita Creek Flatwoods",41077745.622,51960.515307,998.352,"999","Preserve","Survey Plats, Updated 1/5/2018 according to B,Rivers Google Earth boundary drawings",-89.9606088352244,30.5217275779921
"106","Abita Creek Flatwoods",41077745.622,51960.515307,998.352,"999","Preserve","Survey Plats, Updated 1/5/2018 according to B,Rivers Google Earth boundary drawings",-89.9588333982824,30.5217275779921
"107","Abita Creek Flatwoods",41077745.622,51960.515307,998.352,"999","Preserve","Survey Plats, Updated 1/5/2018 according to B,Rivers Google Earth boundary drawings",-89.9730368938187,30.523120924699
"108","Abita Creek Flatwoods",41077745.622,51960.515307,998.352,"999","Preserve","Survey Plats, Updated 1/5/2018 according to B,Rivers Google Earth boundary drawings",-89.9712614568767,30.523120924699
"109","Abita Creek Flatwoods",41077745.622,51960.515307,998.352,"999","Preserve","Survey Plats, Updated 1/5/2018 according to B,Rivers Google Earth boundary drawings",-89.9694860199346,30.523120924699
"110","Abita Creek Flatwoods",41077745.622,51960.515307,998.352,"999","Preserve","Survey Plats, Updated 1/5/2018 according to B,Rivers Google Earth boundary drawings",-89.9677105829926,30.523120924699
"111","Abita Creek Flatwoods",41077745.622,51960.515307,998.352,"999","Preserve","Survey Plats, Updated 1/5/2018 according to B,Rivers Google Earth boundary drawings",-89.9659351460506,30.523120924699
"112","Abita Creek Flatwoods",41077745.622,51960.515307,998.352,"999","Preserve","Survey Plats, Updated 1/5/2018 according to B,Rivers Google Earth boundary drawings",-89.9641597091085,30.523120924699
"113","Abita Creek Flatwoods",41077745.622,51960.515307,998.352,"999","Preserve","Survey Plats, Updated 1/5/2018 according to B,Rivers Google Earth boundary drawings",-89.9623842721665,30.523120924699
"114","Abita Creek Flatwoods",41077745.622,51960.515307,998.352,"999","Preserve","Survey Plats, Updated 1/5/2018 according to B,Rivers Google Earth boundary drawings",-89.9606088352244,30.523120924699
"115","Abita Creek Flatwoods",41077745.622,51960.515307,998.352,"999","Preserve","Survey Plats, Updated 1/5/2018 according to B,Rivers Google Earth boundary drawings",-89.9730368938187,30.5245142714058
"116","Abita Creek Flatwoods",41077745.622,51960.515307,998.352,"999","Preserve","Survey Plats, Updated 1/5/2018 according to B,Rivers Google Earth boundary drawings",-89.9712614568767,30.5245142714058
"117","Abita Creek Flatwoods",41077745.622,51960.515307,998.352,"999","Preserve","Survey Plats, Updated 1/5/2018 according to B,Rivers Google Earth boundary drawings",-89.9694860199346,30.5245142714058
"118","Abita Creek Flatwoods",41077745.622,51960.515307,998.352,"999","Preserve","Survey Plats, Updated 1/5/2018 according to B,Rivers Google Earth boundary drawings",-89.9677105829926,30.5245142714058
"119","Abita Creek Flatwoods",41077745.622,51960.515307,998.352,"999","Preserve","Survey Plats, Updated 1/5/2018 according to B,Rivers Google Earth boundary drawings",-89.9659351460506,30.5245142714058
"120","Abita Creek Flatwoods",41077745.622,51960.515307,998.352,"999","Preserve","Survey Plats, Updated 1/5/2018 according to B,Rivers Google Earth boundary drawings",-89.9641597091085,30.5245142714058
"121","Abita Creek Flatwoods",41077745.622,51960.515307,998.352,"999","Preserve","Survey Plats, Updated 1/5/2018 according to B,Rivers Google Earth boundary drawings",-89.9623842721665,30.5245142714058
"122","Abita Creek Flatwoods",41077745.622,51960.515307,998.352,"999","Preserve","Survey Plats, Updated 1/5/2018 according to B,Rivers Google Earth boundary drawings",-89.9606088352244,30.5245142714058
"123","Abita Creek Flatwoods",41077745.622,51960.515307,998.352,"999","Preserve","Survey Plats, Updated 1/5/2018 according to B,Rivers Google Earth boundary drawings",-89.9588333982824,30.5245142714058
"124","Abita Creek Flatwoods",41077745.622,51960.515307,998.352,"999","Preserve","Survey Plats, Updated 1/5/2018 according to B,Rivers Google Earth boundary drawings",-89.9730368938187,30.5259076181126
"125","Abita Creek Flatwoods",41077745.622,51960.515307,998.352,"999","Preserve","Survey Plats, Updated 1/5/2018 according to B,Rivers Google Earth boundary drawings",-89.9712614568767,30.5259076181126
"126","Abita Creek Flatwoods",41077745.622,51960.515307,998.352,"999","Preserve","Survey Plats, Updated 1/5/2018 according to B,Rivers Google Earth boundary drawings",-89.9694860199346,30.5259076181126
"127","Abita Creek Flatwoods",41077745.622,51960.515307,998.352,"999","Preserve","Survey Plats, Updated 1/5/2018 according to B,Rivers Google Earth boundary drawings",-89.9677105829926,30.5259076181126
"128","Abita Creek Flatwoods",41077745.622,51960.515307,998.352,"999","Preserve","Survey Plats, Updated 1/5/2018 according to B,Rivers Google Earth boundary drawings",-89.9659351460506,30.5259076181126
"129","Abita Creek Flatwoods",41077745.622,51960.515307,998.352,"999","Preserve","Survey Plats, Updated 1/5/2018 according to B,Rivers Google Earth boundary drawings",-89.9641597091085,30.5259076181126
"130","Abita Creek Flatwoods",41077745.622,51960.515307,998.352,"999","Preserve","Survey Plats, Updated 1/5/2018 according to B,Rivers Google Earth boundary drawings",-89.9623842721665,30.5259076181126
"131","Abita Creek Flatwoods",41077745.622,51960.515307,998.352,"999","Preserve","Survey Plats, Updated 1/5/2018 according to B,Rivers Google Earth boundary drawings",-89.9606088352244,30.5259076181126
"132","Abita Creek Flatwoods",41077745.622,51960.515307,998.352,"999","Preserve","Survey Plats, Updated 1/5/2018 according to B,Rivers Google Earth boundary drawings",-89.9588333982824,30.5259076181126
"133","Abita Creek Flatwoods",41077745.622,51960.515307,998.352,"999","Preserve","Survey Plats, Updated 1/5/2018 according to B,Rivers Google Earth boundary drawings",-89.981914078529,30.5273009648195
"134","Abita Creek Flatwoods",41077745.622,51960.515307,998.352,"999","Preserve","Survey Plats, Updated 1/5/2018 according to B,Rivers Google Earth boundary drawings",-89.9801386415869,30.5273009648195
"135","Abita Creek Flatwoods",41077745.622,51960.515307,998.352,"999","Preserve","Survey Plats, Updated 1/5/2018 according to B,Rivers Google Earth boundary drawings",-89.9783632046449,30.5273009648195
"136","Abita Creek Flatwoods",41077745.622,51960.515307,998.352,"999","Preserve","Survey Plats, Updated 1/5/2018 according to B,Rivers Google Earth boundary drawings",-89.9765877677028,30.5273009648195
"137","Abita Creek Flatwoods",41077745.622,51960.515307,998.352,"999","Preserve","Survey Plats, Updated 1/5/2018 according to B,Rivers Google Earth boundary drawings",-89.9748123307608,30.5273009648195
"138","Abita Creek Flatwoods",41077745.622,51960.515307,998.352,"999","Preserve","Survey Plats, Updated 1/5/2018 according to B,Rivers Google Earth boundary drawings",-89.9801386415869,30.5286943115263
"139","Abita Creek Flatwoods",41077745.622,51960.515307,998.352,"999","Preserve","Survey Plats, Updated 1/5/2018 according to B,Rivers Google Earth boundary drawings",-89.9783632046449,30.5286943115263
"140","Abita Creek Flatwoods",41077745.622,51960.515307,998.352,"999","Preserve","Survey Plats, Updated 1/5/2018 according to B,Rivers Google Earth boundary drawings",-89.9765877677028,30.5286943115263
"141","Abita Creek Flatwoods",41077745.622,51960.515307,998.352,"999","Preserve","Survey Plats, Updated 1/5/2018 according to B,Rivers Google Earth boundary drawings",-89.9748123307608,30.5286943115263
"142","Abita Creek Flatwoods",41077745.622,51960.515307,998.352,"999","Preserve","Survey Plats, Updated 1/5/2018 according to B,Rivers Google Earth boundary drawings",-89.9765877677028,30.5300876582331
"143","Abita Creek Flatwoods",41077745.622,51960.515307,998.352,"999","Preserve","Survey Plats, Updated 1/5/2018 according to B,Rivers Google Earth boundary drawings",-89.9748123307608,30.5300876582331
"144","Abita Creek Flatwoods",41077745.622,51960.515307,998.352,"999","Preserve","Survey Plats, Updated 1/5/2018 according to B,Rivers Google Earth boundary drawings",-89.9765877677028,30.5314810049399
"145","Abita Creek Flatwoods",41077745.622,51960.515307,998.352,"999","Preserve","Survey Plats, Updated 1/5/2018 according to B,Rivers Google Earth boundary drawings",-89.9748123307608,30.5314810049399
"146","Abita Creek Flatwoods",41077745.622,51960.515307,998.352,"999","Preserve","Survey Plats, Updated 1/5/2018 according to B,Rivers Google Earth boundary drawings",-89.9765877677028,30.5328743516468
"147","Abita Creek Flatwoods",41077745.622,51960.515307,998.352,"999","Preserve","Survey Plats, Updated 1/5/2018 according to B,Rivers Google Earth boundary drawings",-89.9748123307608,30.5328743516468
